{
  "name": "dragsort",
  "version": "1.0.2",
  "authors": [
    "Michael McDonald"
  ],
  "description": "A javascript file that provides the ability to sort lists using drag and drop.",
  "main": "jquery.dragsort.js",
  "keywords": [
    "javascript",
    "sort",
    "jquery"
  ],
  "license": "http://dragsort.codeplex.com/license",
  "homepage": "http://dragsort.codeplex.com/",
  "ignore": [
    "**/.*",
    "bower_components",
    "examples"
  ],
  "dependencies": {
    "jquery": "~3.7.0"
  },
  "_release": "1.0.2",
  "_resolution": {
    "type": "version",
    "tag": "v1.0.2",
    "commit": "2d6ebbf0d645d7ac1713346d8a2d34915ea6c07d"
  },
  "_source": "https://github.com/karsonzhang/fastadmin-dragsort.git",
  "_target": "~1.0.0",
  "_originalSource": "fastadmin-dragsort"
}